{"name":"CircleFX","id":"","spritesheetFilter":"","maxParticles":2000,"useBlendModes":true,"emitters":[{"id":0,"name":"circle-glow ","type":0,"core":{"type":"circle","params":{"radius":2,"radial":false,"angle":6.28318530718,"uniform":false,"width":100,"height":100}},"spawnFrequencyMin":0.15,"spawnFrequencyMax":0.15,"maxParticles":10,"spawnCountMin":1,"spawnCountMax":1,"duration":0.4,"infinite":false,"useGravity":false,"gravity":0,"useFloor":false,"floorY":0,"rotation":0,"autoRotation":0.03490658503988659,"particleSettings":{"componentType":0,"componentId":"circleGradient.png","componentParams":{"animationSpeedMin":0.1,"animationSpeedMax":0.5,"anchorX":0.5,"anchorY":0.5,"loop":false},"durationMin":0.5,"durationMax":0.6,"distanceMin":0,"distanceMax":0,"distanceEase":"linear","moveSpeedMin":0,"moveSpeedMax":0,"bounceFacMin":0,"bounceFacMax":0,"frictionMin":0,"frictionMax":0,"useMotion":false,"useRotation":false,"useAlpha":true,"useScale":true,"useTint":true,"useChilds":false,"useSpawns":false,"stopOnBounce":false,"align":false,"blendMode":1,"addOnTop":true,"rotationSpeedMin":0,"rotationSpeedMax":0,"randomRotationDirection":false,"randomStartRotation":false,"fadeIn":true,"fadeInDurationFac":0.2,"fadeInEase":"linear","alphaStartMin":0.5,"alphaStartMax":0.8,"alphaEndMin":0.1,"alphaEndMax":0.1,"alphaEase":"easeInQuad","tintStart":5498367,"tintEnd":7197183,"tintEase":"linear","scaleIn":false,"scaleInDurationFac":0.2,"scaleInEase":"linear","uniformScale":true,"scaleXStartMin":1,"scaleXStartMax":1,"scaleXEndMin":1,"scaleXEndMax":1,"scaleXEase":"linear","scaleYStartMin":1,"scaleYStartMax":1,"scaleYEndMin":1,"scaleYEndMax":1,"scaleYEase":"linear","scaleStartMin":0.8,"scaleStartMax":1,"scaleEndMin":1.5,"scaleEndMax":1.5,"scaleEase":"easeOutSine","childs":[],"spawn":{"onComplete":[],"onBounce":[],"onStart":[],"onHalfway":[]}},"childs":[]}],"sequences":[],"__eid":1,"__sid":0,"__v":0,"__h":"80c6df7fb0d3d898f34ce0031c037fef"}